{
    "V_M": 146241.51161571548,
    "V_C": 1188413.578171047,
    "A_M": 33275.85211774151,
    "A_C": 67256.82832861773,
    "volume_relative_diff": 7.126376464802194,
    "surface_area_ratio": 2.0211902640581445,
    "bbox_span_ratios": [
        1.0055181582540436,
        1.0219505504769728,
        1.0026975870132446
    ],
    "bbox_volume_ratio": 1.0303618483370733,
    "bbox_spans_original": [
        150.591453,
        79.73777799999999,
        193.3824
    ],
    "bbox_spans_collider": [
        151.42244046936037,
        81.48806612091064,
        193.90406585083008
    ]
}